id,area_name,subarea_name,group1,group1_note,group2,group2_note,group3,group3_note,group4,group4_note,group5,group5_note,total_posting
1,さぬき市,さぬき市鴨庄,17,,72,,111,,297,,273,,770
2,さぬき市,さぬき市鴨部,67,,256,,97,,54,,278,,752
3,さぬき市,さぬき市寒川町神前,161,,47,,229,,132,,5,,574
4,さぬき市,さぬき市寒川町石田西,0,,236,,88,,207,,78,,609
5,さぬき市,さぬき市寒川町石田東森弘,245,,106,,137,,215,,244,,947
6,さぬき市,さぬき市寒川町石田東,0,,233,,107,,254,,214,,808
7,さぬき市,さぬき市志度,233,,21,,109,,32,,85,,480
8,さぬき市,さぬき市昭和,266,,250,,121,,237,,214,,1088
9,さぬき市,さぬき市造田乙井,58,,272,,20,,143,,80,,573
10,さぬき市,さぬき市造田宮西,113,,177,,106,,15,,112,,523
11,さぬき市,さぬき市造田是弘,284,,289,,233,,31,,121,,958
12,さぬき市,さぬき市造田野間田,200,,97,,69,,48,,224,,638
13,さぬき市,さぬき市大川町田面,132,,126,,278,,210,,47,,793
14,さぬき市,さぬき市大川町南川,168,,256,,260,,217,,84,,985
15,さぬき市,さぬき市大川町富田西,0,,197,,93,,265,,94,,649
16,さぬき市,さぬき市大川町富田中,198,,147,,7,,21,,242,,615
17,さぬき市,さぬき市大川町富田東,107,,196,,64,,40,,278,,685
18,さぬき市,さぬき市長尾西森定,157,,261,,90,,73,,165,,746
19,さぬき市,さぬき市長尾西,48,,157,,247,,130,,221,,803
20,さぬき市,さぬき市長尾東,126,,52,,176,,240,,197,,791
21,さぬき市,さぬき市長尾名,101,,10,,299,,70,,203,,683
22,さぬき市,さぬき市津田町津田,300,,54,,200,,266,,209,,1029
23,さぬき市,さぬき市津田町鶴羽,178,,235,,49,,293,,88,,843
24,さぬき市,さぬき市末,255,,46,,255,,268,,125,,949
25,綾歌郡綾川町,綾歌郡綾川町羽床下,101,,292,,13,,34,,38,,478
26,綾歌郡綾川町,綾歌郡綾川町羽床上,115,,119,,268,,23,,93,,618
27,綾歌郡綾川町,綾歌郡綾川町萱原,212,,207,,268,,237,,265,,1189
28,綾歌郡綾川町,綾歌郡綾川町山田下,219,,91,,296,,119,,57,,782
29,綾歌郡綾川町,綾歌郡綾川町小野,150,,100,,157,,132,,241,,780
30,綾歌郡綾川町,綾歌郡綾川町千疋,204,,4,,218,,17,,177,,620
31,綾歌郡綾川町,綾歌郡綾川町滝宮,225,,45,,190,,125,,166,,751
32,綾歌郡綾川町,綾歌郡綾川町陶,230,,290,,177,,270,,252,,1219
33,綾歌郡綾川町,綾歌郡綾川町畑田,260,,300,,52,,285,,45,,942
34,綾歌郡綾川町,綾歌郡綾川町北,226,,188,,297,,1,,109,,821
35,綾歌郡宇多津町,綾歌郡宇多津町東分,286,,211,,231,,205,,94,,1027
36,綾歌郡宇多津町,綾歌郡宇多津町浜一番丁,77,,213,,103,,40,,141,,574
37,綾歌郡宇多津町,綾歌郡宇多津町浜九番丁,216,,215,,261,,243,,243,,1178
38,綾歌郡宇多津町,綾歌郡宇多津町浜五番丁,4,,179,,299,,249,,203,,934
39,綾歌郡宇多津町,綾歌郡宇多津町浜三番丁,156,,63,,161,,300,,121,,801
40,綾歌郡宇多津町,綾歌郡宇多津町浜四番丁,103,,173,,258,,128,,115,,777
41,綾歌郡宇多津町,綾歌郡宇多津町浜七番丁,229,,112,,182,,181,,33,,737
42,綾歌郡宇多津町,綾歌郡宇多津町浜二番丁,290,,18,,25,,75,,10,,418
43,綾歌郡宇多津町,綾歌郡宇多津町浜八番丁,297,,125,,221,,273,,195,,1111
44,綾歌郡宇多津町,綾歌郡宇多津町浜六番丁,3,,119,,187,,228,,132,,669
45,観音寺市,観音寺市栄町1丁目,34,,135,,1,,169,,121,,460
46,観音寺市,観音寺市栄町2丁目,65,,134,,128,,209,,86,,622
47,観音寺市,観音寺市栄町3丁目,151,,21,,144,,49,,124,,489
48,観音寺市,観音寺市栄町,83,,222,,196,,236,,103,,840
49,観音寺市,観音寺市観音寺町白浜,207,,170,,77,,190,,122,,766
50,観音寺市,観音寺市観音寺町,105,,99,,260,,223,,109,,796
51,観音寺市,観音寺市吉岡町道上,135,,149,,77,,148,,172,,681
52,観音寺市,観音寺市吉岡町,137,,25,,256,,119,,255,,792
53,観音寺市,観音寺市琴浪町1丁目,29,,19,,140,,299,,40,,527
54,観音寺市,観音寺市琴浪町2丁目,79,,205,,291,,174,,85,,834
55,観音寺市,観音寺市琴浪町,240,,127,,223,,224,,184,,998
56,観音寺市,観音寺市古川町切石,7,,245,,53,,212,,227,,744
57,観音寺市,観音寺市古川町,156,,7,,276,,10,,114,,563
58,観音寺市,観音寺市幸町,282,,260,,133,,8,,147,,830
59,観音寺市,観音寺市港町1丁目,64,,89,,112,,117,,196,,578
60,観音寺市,観音寺市港町2丁目,81,,102,,118,,142,,137,,580
61,観音寺市,観音寺市港町,150,,118,,180,,18,,249,,715
62,観音寺市,観音寺市坂本町1丁目,0,,262,,232,,30,,289,,813
63,観音寺市,観音寺市坂本町2丁目,212,,176,,202,,47,,246,,883
64,観音寺市,観音寺市坂本町3丁目,6,,153,,175,,39,,226,,599
65,観音寺市,観音寺市坂本町4丁目,202,,214,,228,,216,,60,,920
66,観音寺市,観音寺市坂本町5丁目,16,,112,,55,,24,,168,,375
67,観音寺市,観音寺市坂本町6丁目,19,,79,,222,,43,,220,,583
68,観音寺市,観音寺市坂本町7丁目,178,,17,,188,,127,,34,,544
69,観音寺市,観音寺市坂本町,225,,168,,264,,232,,205,,1094
70,観音寺市,観音寺市三本松町1丁目,199,,50,,50,,73,,242,,614
71,観音寺市,観音寺市三本松町2丁目,282,,94,,37,,276,,121,,810
72,観音寺市,観音寺市三本松町3丁目,161,,113,,146,,197,,219,,836
73,観音寺市,観音寺市三本松町4丁目,285,,264,,205,,226,,25,,1005
74,観音寺市,観音寺市三本松町,176,,114,,72,,70,,169,,601
75,観音寺市,観音寺市室本町,199,,17,,131,,300,,295,,942
76,観音寺市,観音寺市出作町川西,292,,134,,169,,82,,110,,787
77,観音寺市,観音寺市出作町,84,,95,,71,,36,,224,,510
78,観音寺市,観音寺市昭和町1丁目,61,,208,,36,,31,,37,,373
79,観音寺市,観音寺市昭和町2丁目,85,,22,,235,,154,,36,,532
80,観音寺市,観音寺市昭和町3丁目,3,,278,,94,,76,,213,,664
81,観音寺市,観音寺市昭和町,187,,42,,64,,214,,97,,604
82,観音寺市,観音寺市植田町東原,18,,148,,69,,167,,260,,662
83,観音寺市,観音寺市植田町,143,,228,,7,,36,,217,,631
84,観音寺市,観音寺市瀬戸町1丁目,100,,297,,5,,75,,211,,688
85,観音寺市,観音寺市瀬戸町2丁目,189,,136,,212,,172,,269,,978
86,観音寺市,観音寺市瀬戸町3丁目,47,,123,,83,,266,,278,,797
87,観音寺市,観音寺市瀬戸町4丁目,0,,252,,108,,288,,262,,910
88,観音寺市,観音寺市瀬戸町,262,,91,,252,,49,,149,,803
89,観音寺市,観音寺市西本町1丁目,280,,67,,223,,272,,232,,1074
90,観音寺市,観音寺市西本町2丁目,243,,88,,202,,141,,98,,772
91,観音寺市,観音寺市西本町,157,,238,,152,,278,,199,,1024
92,観音寺市,観音寺市村黒町,206,,295,,115,,285,,191,,1092
93,観音寺市,観音寺市大野原町花稲,254,,68,,241,,124,,169,,856
94,観音寺市,観音寺市大野原町大野原,8,,3,,229,,98,,185,,523
95,観音寺市,観音寺市池之尻町,122,,189,,13,,209,,152,,685
96,観音寺市,観音寺市天神町1丁目,17,,293,,137,,8,,180,,635
97,観音寺市,観音寺市天神町2丁目,51,,267,,73,,62,,215,,668
98,観音寺市,観音寺市天神町3丁目,252,,260,,20,,136,,88,,756
99,観音寺市,観音寺市天神町,296,,150,,31,,206,,32,,715
100,観音寺市,観音寺市南町1丁目,120,,201,,40,,233,,59,,653
101,観音寺市,観音寺市南町2丁目,52,,15,,129,,127,,243,,566
102,観音寺市,観音寺市南町3丁目,105,,149,,104,,66,,109,,533
103,観音寺市,観音寺市南町4丁目,129,,118,,196,,164,,11,,618
104,観音寺市,観音寺市南町5丁目,257,,245,,17,,196,,292,,1007
105,観音寺市,観音寺市南町,3,,286,,259,,235,,98,,881
106,観音寺市,観音寺市八幡町1丁目,68,,133,,242,,6,,247,,696
107,観音寺市,観音寺市八幡町2丁目,49,,146,,11,,277,,94,,577
108,観音寺市,観音寺市八幡町3丁目,73,,16,,176,,211,,174,,650
109,観音寺市,観音寺市八幡町,63,,252,,80,,214,,149,,758
110,観音寺市,観音寺市豊浜町姫浜芝原,278,,142,,203,,224,,49,,896
111,観音寺市,観音寺市豊浜町姫浜,17,,271,,120,,280,,260,,948
112,観音寺市,観音寺市豊浜町和田,218,,156,,173,,0,,17,,564
113,観音寺市,観音寺市豊浜町和田浜,241,,131,,274,,5,,26,,677
114,観音寺市,観音寺市本大町,39,,209,,76,,132,,286,,742
115,観音寺市,観音寺市茂西町1丁目,88,,31,,227,,68,,22,,436
116,観音寺市,観音寺市茂西町2丁目,159,,269,,167,,143,,289,,1027
117,観音寺市,観音寺市茂西町,259,,237,,267,,207,,197,,1167
118,観音寺市,観音寺市茂木町1丁目,282,,132,,193,,208,,299,,1114
119,観音寺市,観音寺市茂木町2丁目,300,,233,,76,,170,,267,,1046
120,観音寺市,観音寺市茂木町3丁目,63,,105,,159,,96,,215,,638
121,観音寺市,観音寺市茂木町4丁目,280,,56,,73,,101,,274,,784
122,観音寺市,観音寺市茂木町5丁目,214,,167,,212,,241,,266,,1100
123,観音寺市,観音寺市茂木町,32,,239,,74,,154,,36,,535
124,観音寺市,観音寺市有明町,28,,154,,282,,265,,232,,961
125,観音寺市,観音寺市流岡町,276,,146,,36,,127,,92,,677
126,観音寺市,観音寺市柞田町,260,,133,,37,,270,,184,,884
127,丸亀市,丸亀市綾歌町岡田下,287,,248,,58,,93,,185,,871
128,丸亀市,丸亀市綾歌町岡田上,46,,142,,45,,130,,287,,650
129,丸亀市,丸亀市綾歌町岡田西,156,,165,,3,,234,,249,,807
130,丸亀市,丸亀市綾歌町岡田東,189,,219,,18,,132,,104,,662
131,丸亀市,丸亀市綾歌町栗熊西,89,,31,,122,,275,,7,,524
132,丸亀市,丸亀市綾歌町栗熊東下河西,267,,99,,105,,217,,276,,964
133,丸亀市,丸亀市綾歌町栗熊東,14,,181,,97,,292,,100,,684
134,丸亀市,丸亀市綾歌町富熊,137,,294,,191,,127,,249,,998
135,丸亀市,丸亀市塩屋町1丁目,98,,87,,285,,289,,187,,946
136,丸亀市,丸亀市塩屋町2丁目,229,,155,,281,,193,,187,,1045
137,丸亀市,丸亀市塩屋町3丁目,12,,274,,70,,149,,136,,641
138,丸亀市,丸亀市塩屋町4丁目,250,,52,,110,,243,,163,,818
139,丸亀市,丸亀市塩屋町5丁目,57,,166,,176,,217,,190,,806
140,丸亀市,丸亀市塩屋町,133,,114,,103,,155,,234,,739
141,丸亀市,丸亀市塩飽町,135,,175,,196,,123,,47,,676
142,丸亀市,丸亀市瓦町,48,,4,,194,,75,,103,,424
143,丸亀市,丸亀市魚屋町,85,,211,,300,,17,,297,,910
144,丸亀市,丸亀市金倉町,82,,32,,209,,247,,121,,691
145,丸亀市,丸亀市九番丁,188,,76,,241,,167,,200,,872
146,丸亀市,丸亀市郡家町,250,,75,,206,,87,,139,,757
147,丸亀市,丸亀市原田団地,85,,232,,237,,48,,66,,668
148,丸亀市,丸亀市原田町,152,,35,,264,,56,,273,,780
149,丸亀市,丸亀市御供所町1丁目,175,,30,,149,,169,,90,,613
150,丸亀市,丸亀市御供所町2丁目,239,,128,,178,,180,,143,,868
151,丸亀市,丸亀市御供所町,141,,130,,264,,16,,173,,724
152,丸亀市,丸亀市幸町1丁目,78,,123,,126,,162,,252,,741
153,丸亀市,丸亀市幸町2丁目,37,,286,,217,,206,,38,,784
154,丸亀市,丸亀市幸町,217,,97,,248,,179,,131,,872
155,丸亀市,丸亀市港町,141,,152,,53,,261,,274,,881
156,丸亀市,丸亀市今津町,176,,88,,0,,54,,241,,559
157,丸亀市,丸亀市三条町,192,,44,,168,,228,,39,,671
158,丸亀市,丸亀市山北町,99,,105,,262,,47,,111,,624
159,丸亀市,丸亀市七番丁,239,,42,,33,,141,,75,,530
160,丸亀市,丸亀市宗古町,252,,12,,176,,113,,61,,614
161,丸亀市,丸亀市十番丁,62,,152,,224,,271,,188,,897
162,丸亀市,丸亀市昭和町,167,,2,,282,,200,,56,,707
163,丸亀市,丸亀市松屋町,33,,125,,245,,112,,12,,527
164,丸亀市,丸亀市城西町1丁目,57,,232,,282,,241,,55,,867
165,丸亀市,丸亀市城西町2丁目,204,,16,,124,,19,,99,,462
166,丸亀市,丸亀市城西町,16,,37,,83,,213,,150,,499
167,丸亀市,丸亀市城東町1丁目,33,,214,,88,,226,,120,,681
168,丸亀市,丸亀市城東町2丁目,86,,252,,200,,229,,124,,891
169,丸亀市,丸亀市城東町3丁目,30,,285,,234,,24,,111,,684
170,丸亀市,丸亀市城東町,271,,107,,12,,82,,248,,720
171,丸亀市,丸亀市城南町,87,,242,,243,,279,,151,,1002
172,丸亀市,丸亀市新町,6,,142,,30,,213,,191,,582
173,丸亀市,丸亀市新田町,191,,255,,115,,253,,267,,1081
174,丸亀市,丸亀市新浜町1丁目,163,,262,,222,,14,,175,,836
175,丸亀市,丸亀市新浜町2丁目,208,,112,,50,,17,,124,,511
176,丸亀市,丸亀市新浜町,258,,101,,6,,284,,102,,751
177,丸亀市,丸亀市垂水町,210,,15,,190,,288,,213,,916
178,丸亀市,丸亀市西平山町,198,,188,,277,,229,,147,,1039
179,丸亀市,丸亀市西本町1丁目,255,,202,,88,,157,,88,,790
180,丸亀市,丸亀市西本町2丁目,126,,259,,195,,251,,154,,985
181,丸亀市,丸亀市西本町,170,,198,,35,,173,,206,,782
182,丸亀市,丸亀市川西町南,49,,288,,83,,58,,59,,537
183,丸亀市,丸亀市川西町北,244,,26,,206,,59,,272,,807
184,丸亀市,丸亀市前塩屋町1丁目,241,,287,,120,,299,,60,,1007
185,丸亀市,丸亀市前塩屋町2丁目,41,,209,,297,,37,,272,,856
186,丸亀市,丸亀市前塩屋町,146,,157,,6,,158,,180,,647
187,丸亀市,丸亀市大手町1丁目,31,,218,,280,,275,,221,,1025
188,丸亀市,丸亀市大手町2丁目,231,,210,,180,,67,,157,,845
189,丸亀市,丸亀市大手町3丁目,263,,43,,83,,86,,290,,765
190,丸亀市,丸亀市大手町,20,,224,,165,,54,,213,,676
191,丸亀市,丸亀市中津町,264,,128,,127,,101,,265,,885
192,丸亀市,丸亀市中府町1丁目,262,,75,,213,,269,,270,,1089
193,丸亀市,丸亀市中府町2丁目,41,,274,,220,,298,,272,,1105
194,丸亀市,丸亀市中府町3丁目,118,,287,,64,,83,,278,,830
195,丸亀市,丸亀市中府町4丁目,105,,85,,255,,297,,39,,781
196,丸亀市,丸亀市中府町5丁目,220,,274,,210,,154,,114,,972
197,丸亀市,丸亀市中府町,119,,39,,18,,10,,58,,244
198,丸亀市,丸亀市津森町位,252,,144,,127,,5,,100,,628
199,丸亀市,丸亀市津森町,260,,148,,247,,105,,41,,801
200,丸亀市,丸亀市通町,241,,226,,252,,44,,143,,906
201,丸亀市,丸亀市天満町1丁目,193,,141,,291,,230,,93,,948
202,丸亀市,丸亀市天満町2丁目,105,,224,,195,,42,,270,,836
203,丸亀市,丸亀市天満町,140,,41,,53,,249,,255,,738
204,丸亀市,丸亀市田村町,134,,248,,151,,7,,111,,651
205,丸亀市,丸亀市土器町西1丁目,166,,280,,188,,86,,66,,786
206,丸亀市,丸亀市土器町西2丁目,97,,67,,120,,176,,127,,587
207,丸亀市,丸亀市土器町西3丁目,10,,194,,46,,242,,168,,660
208,丸亀市,丸亀市土器町西4丁目,180,,45,,201,,138,,11,,575
209,丸亀市,丸亀市土器町西5丁目,166,,33,,108,,287,,275,,869
210,丸亀市,丸亀市土器町西6丁目,296,,261,,0,,38,,283,,878
211,丸亀市,丸亀市土器町西7丁目,95,,262,,195,,70,,9,,631
212,丸亀市,丸亀市土器町西8丁目,33,,37,,105,,231,,249,,655
213,丸亀市,丸亀市土器町西,283,,18,,167,,45,,202,,715
214,丸亀市,丸亀市土器町東1丁目,90,,30,,258,,171,,84,,633
215,丸亀市,丸亀市土器町東2丁目,62,,2,,48,,299,,44,,455
216,丸亀市,丸亀市土器町東3丁目,171,,297,,160,,115,,251,,994
217,丸亀市,丸亀市土器町東4丁目,197,,215,,190,,280,,170,,1052
218,丸亀市,丸亀市土器町東5丁目,212,,25,,241,,169,,215,,862
219,丸亀市,丸亀市土器町東6丁目,223,,55,,269,,200,,143,,890
220,丸亀市,丸亀市土器町東7丁目,172,,87,,71,,231,,240,,801
221,丸亀市,丸亀市土器町東8丁目,43,,79,,289,,235,,281,,927
222,丸亀市,丸亀市土器町東9丁目,283,,101,,138,,193,,41,,756
223,丸亀市,丸亀市土器町東,5,,34,,221,,176,,275,,711
224,丸亀市,丸亀市土器町北1丁目,134,,11,,232,,13,,116,,506
225,丸亀市,丸亀市土器町北2丁目,293,,7,,121,,158,,53,,632
226,丸亀市,丸亀市土器町北,253,,19,,226,,138,,145,,781
227,丸亀市,丸亀市土居町1丁目,86,,55,,118,,228,,113,,600
228,丸亀市,丸亀市土居町2丁目,253,,104,,227,,155,,116,,855
229,丸亀市,丸亀市土居町3丁目,162,,35,,250,,133,,92,,672
230,丸亀市,丸亀市土居町,97,,256,,49,,162,,20,,584
231,丸亀市,丸亀市南条町,286,,35,,54,,195,,296,,866
232,丸亀市,丸亀市八番丁,18,,298,,52,,93,,231,,692
233,丸亀市,丸亀市飯山町下法軍寺,45,,214,,188,,228,,49,,724
234,丸亀市,丸亀市飯山町上法軍寺,181,,130,,45,,294,,35,,685
235,丸亀市,丸亀市飯山町真時,10,,222,,65,,287,,282,,866
236,丸亀市,丸亀市飯山町西坂元,188,,54,,168,,152,,179,,741
237,丸亀市,丸亀市飯山町川原北土居,129,,188,,226,,1,,10,,554
238,丸亀市,丸亀市飯山町川原,116,,109,,194,,236,,291,,946
239,丸亀市,丸亀市飯山町東坂元,32,,122,,248,,80,,155,,637
240,丸亀市,丸亀市飯山町東小川,113,,75,,124,,294,,145,,751
241,丸亀市,丸亀市飯野町西分川緑,188,,282,,99,,37,,197,,803
242,丸亀市,丸亀市飯野町西分,292,,78,,249,,125,,114,,858
243,丸亀市,丸亀市飯野町東二,34,,103,,17,,259,,30,,443
244,丸亀市,丸亀市飯野町東分,109,,241,,28,,20,,191,,589
245,丸亀市,丸亀市浜町,246,,157,,39,,275,,115,,832
246,丸亀市,丸亀市富屋町,24,,75,,49,,34,,270,,452
247,丸亀市,丸亀市富士見町1丁目,286,,178,,25,,281,,109,,879
248,丸亀市,丸亀市富士見町2丁目,267,,254,,237,,277,,162,,1197
249,丸亀市,丸亀市富士見町3丁目,209,,193,,147,,13,,62,,624
250,丸亀市,丸亀市富士見町4丁目,258,,274,,72,,119,,142,,865
251,丸亀市,丸亀市富士見町5丁目,245,,21,,38,,110,,260,,674
252,丸亀市,丸亀市富士見町,92,,79,,153,,18,,2,,344
253,丸亀市,丸亀市風袋町,163,,76,,144,,266,,292,,941
254,丸亀市,丸亀市福島町,197,,207,,34,,267,,116,,821
255,丸亀市,丸亀市米屋町,166,,60,,67,,122,,146,,561
256,丸亀市,丸亀市蓬莱町,194,,239,,262,,68,,200,,963
257,丸亀市,丸亀市北平山町1丁目,217,,78,,37,,128,,270,,730
258,丸亀市,丸亀市北平山町2丁目,19,,116,,187,,53,,18,,393
259,丸亀市,丸亀市北平山町,108,,175,,281,,210,,280,,1054
260,丸亀市,丸亀市本町,186,,33,,296,,24,,259,,798
261,丸亀市,丸亀市六番丁,210,,248,,132,,248,,281,,1119
262,丸亀市,丸亀市柞原町,84,,222,,237,,34,,163,,740
263,丸亀市,丸亀市葭町,299,,147,,126,,251,,175,,998
264,高松市,高松市サンポート,131,,145,,265,,218,,225,,984
265,高松市,高松市茜町,15,,175,,7,,130,,11,,338
266,高松市,高松市井口町,279,,136,,91,,81,,70,,657
267,高松市,高松市一宮町,222,,79,,20,,258,,203,,782
268,高松市,高松市円座町,176,,180,,277,,66,,119,,818
269,高松市,高松市塩屋町,158,,298,,179,,245,,227,,1107
270,高松市,高松市塩上町1丁目,145,,138,,46,,229,,7,,565
271,高松市,高松市塩上町2丁目,1,,87,,263,,59,,139,,549
272,高松市,高松市塩上町3丁目,271,,244,,259,,169,,290,,1233
273,高松市,高松市塩上町,136,,280,,208,,263,,257,,1144
274,高松市,高松市岡本町,221,,71,,200,,234,,18,,744
275,高松市,高松市屋島西町百石,56,,287,,125,,49,,207,,724
276,高松市,高松市屋島西町,113,,18,,212,,186,,103,,632
277,高松市,高松市屋島中町,46,,144,,78,,24,,229,,521
278,高松市,高松市屋島東町,28,,58,,175,,158,,64,,483
279,高松市,高松市下田井町,10,,228,,22,,129,,34,,423
280,高松市,高松市花ノ宮町1丁目,172,,57,,3,,172,,50,,454
281,高松市,高松市花ノ宮町2丁目,38,,280,,110,,260,,267,,955
282,高松市,高松市花ノ宮町3丁目,52,,36,,84,,39,,239,,450
283,高松市,高松市花ノ宮町,61,,258,,164,,262,,106,,851
284,高松市,高松市花園町1丁目,286,,36,,298,,78,,231,,929
285,高松市,高松市花園町2丁目,280,,65,,230,,91,,187,,853
286,高松市,高松市花園町3丁目,193,,177,,279,,90,,57,,796
287,高松市,高松市花園町,66,,127,,143,,248,,146,,730
288,高松市,高松市瓦町1丁目,44,,214,,220,,211,,148,,837
289,高松市,高松市瓦町2丁目,171,,144,,71,,196,,294,,876
290,高松市,高松市瓦町,143,,15,,67,,52,,246,,523
291,高松市,高松市観光町,56,,166,,20,,10,,63,,315
292,高松市,高松市観光通1丁目,15,,200,,218,,236,,224,,893
293,高松市,高松市観光通2丁目,70,,226,,291,,221,,114,,922
294,高松市,高松市観光通,129,,13,,95,,266,,94,,597
295,高松市,高松市丸の内,14,,288,,50,,149,,127,,628
296,高松市,高松市丸亀町,143,,292,,77,,213,,89,,814
297,高松市,高松市鬼無町鬼無,258,,226,,76,,221,,14,,795
298,高松市,高松市鬼無町佐藤,20,,187,,186,,219,,264,,876
299,高松市,高松市鬼無町佐料,27,,76,,85,,29,,28,,245
300,高松市,高松市鬼無町山口,121,,231,,113,,92,,198,,755
301,高松市,高松市鬼無町是竹,275,,99,,292,,282,,252,,1200
302,高松市,高松市鬼無町藤井,227,,176,,173,,237,,156,,969
303,高松市,高松市亀井町,193,,155,,89,,4,,101,,542
304,高松市,高松市亀岡町,18,,131,,261,,265,,243,,918
305,高松市,高松市亀水町,46,,87,,19,,206,,28,,386
306,高松市,高松市亀田町,226,,173,,266,,32,,83,,780
307,高松市,高松市亀田南町,200,,210,,135,,282,,92,,919
308,高松市,高松市宮脇町1丁目,153,,292,,8,,131,,38,,622
309,高松市,高松市宮脇町2丁目,264,,112,,85,,31,,98,,590
310,高松市,高松市宮脇町,283,,131,,61,,33,,191,,699
311,高松市,高松市郷東町西新開,285,,179,,107,,173,,140,,884
312,高松市,高松市郷東町,24,,99,,45,,157,,53,,378
313,高松市,高松市玉藻町,139,,169,,8,,94,,17,,427
314,高松市,高松市錦町1丁目,254,,157,,84,,65,,292,,852
315,高松市,高松市錦町2丁目,64,,99,,110,,79,,76,,428
316,高松市,高松市錦町,214,,186,,110,,12,,266,,788
317,高松市,高松市栗林町1丁目,111,,73,,284,,84,,51,,603
318,高松市,高松市栗林町2丁目,56,,213,,58,,257,,100,,684
319,高松市,高松市栗林町3丁目,88,,223,,173,,64,,260,,808
320,高松市,高松市栗林町,57,,112,,224,,122,,231,,746
321,高松市,高松市元山町,299,,155,,110,,23,,158,,745
322,高松市,高松市古新町,235,,21,,193,,63,,243,,755
323,高松市,高松市古馬場町,268,,191,,69,,189,,104,,821
324,高松市,高松市御厩町,111,,45,,217,,142,,16,,531
325,高松市,高松市御坊町,298,,166,,87,,300,,117,,968
326,高松市,高松市幸町,119,,5,,76,,58,,149,,407
327,高松市,高松市香西西町,22,,174,,3,,289,,134,,622
328,高松市,高松市香西東町,193,,282,,155,,151,,273,,1054
329,高松市,高松市香西南町,178,,4,,246,,263,,120,,811
330,高松市,高松市香西北町,14,,201,,152,,252,,100,,719
331,高松市,高松市香西本町,298,,247,,275,,150,,39,,1009
332,高松市,高松市香川町安原下第1号,111,,166,,180,,63,,197,,717
333,高松市,高松市香川町安原下第3号,169,,143,,127,,19,,142,,600
334,高松市,高松市香川町寺井,143,,292,,45,,158,,47,,685
335,高松市,高松市香川町川東下,153,,290,,32,,298,,223,,996
336,高松市,高松市香川町川東上,149,,119,,55,,193,,115,,631
337,高松市,高松市香川町川内原,42,,54,,136,,179,,1,,412
338,高松市,高松市香川町浅野,155,,238,,284,,275,,272,,1224
339,高松市,高松市香川町大野,237,,58,,19,,16,,265,,595
340,高松市,高松市香川町東谷,82,,109,,147,,69,,100,,507
341,高松市,高松市香南町横井,82,,222,,165,,169,,64,,702
342,高松市,高松市香南町岡清水,242,,233,,64,,90,,80,,709
343,高松市,高松市香南町岡,236,,79,,240,,28,,62,,645
344,高松市,高松市香南町吉光,270,,213,,220,,274,,134,,1111
345,高松市,高松市香南町西庄,267,,11,,132,,35,,74,,519
346,高松市,高松市香南町池内,156,,102,,245,,190,,9,,702
347,高松市,高松市香南町由佐,241,,273,,236,,222,,36,,1008
348,高松市,高松市高松町角屋,248,,282,,244,,151,,167,,1092
349,高松市,高松市高松町,241,,81,,222,,89,,287,,920
350,高松市,高松市国分寺町国分,244,,140,,88,,298,,278,,1048
351,高松市,高松市国分寺町新居,296,,12,,135,,25,,55,,523
352,高松市,高松市国分寺町新名北吹越,232,,177,,75,,295,,40,,819
353,高松市,高松市国分寺町新名,24,,290,,285,,179,,253,,1031
354,高松市,高松市国分寺町柏原,76,,117,,81,,174,,56,,504
355,高松市,高松市国分寺町福家甲,184,,287,,216,,213,,266,,1166
356,高松市,高松市国分寺町福家,201,,264,,88,,132,,261,,946
357,高松市,高松市今新町,99,,216,,239,,71,,242,,867
358,高松市,高松市今里町1丁目,265,,140,,190,,225,,261,,1081
359,高松市,高松市今里町2丁目,186,,193,,49,,273,,272,,973
360,高松市,高松市今里町,107,,225,,278,,195,,30,,835
361,高松市,高松市紺屋町,125,,263,,151,,74,,206,,819
362,高松市,高松市桜町1丁目,93,,172,,218,,202,,160,,845
363,高松市,高松市桜町2丁目,173,,171,,237,,201,,190,,972
364,高松市,高松市桜町,129,,245,,50,,65,,265,,754
365,高松市,高松市三条町中所,186,,81,,75,,211,,166,,719
366,高松市,高松市三条町,20,,155,,152,,139,,102,,568
367,高松市,高松市三谷町,207,,151,,88,,192,,40,,678
368,高松市,高松市三名町,129,,20,,111,,75,,95,,430
369,高松市,高松市紙町,24,,41,,128,,287,,263,,743
370,高松市,高松市紫雲町,139,,246,,191,,134,,69,,779
371,高松市,高松市寺井町,17,,123,,298,,243,,20,,701
372,高松市,高松市鹿角町,169,,290,,278,,77,,33,,847
373,高松市,高松市室新町,173,,153,,216,,96,,132,,770
374,高松市,高松市室町,82,,40,,164,,125,,193,,604
375,高松市,高松市寿町1丁目,165,,38,,56,,174,,99,,532
376,高松市,高松市寿町2丁目,57,,214,,174,,249,,93,,787
377,高松市,高松市寿町,156,,175,,68,,114,,300,,813
378,高松市,高松市十川西町,4,,64,,222,,95,,110,,495
379,高松市,高松市十川東町,18,,52,,275,,224,,121,,690
380,高松市,高松市出作町,185,,39,,184,,90,,253,,751
381,高松市,高松市春日町川尻,295,,72,,28,,10,,294,,699
382,高松市,高松市春日町片田,269,,53,,39,,209,,284,,854
383,高松市,高松市春日町,19,,23,,138,,37,,120,,337
384,高松市,高松市小村町,36,,147,,23,,24,,251,,481
385,高松市,高松市昭和町1丁目,40,,64,,10,,148,,202,,464
386,高松市,高松市昭和町2丁目,82,,49,,199,,248,,195,,773
387,高松市,高松市昭和町,99,,175,,273,,230,,224,,1001
388,高松市,高松市松島町1丁目,232,,22,,243,,270,,190,,957
389,高松市,高松市松島町2丁目,105,,158,,97,,196,,138,,694
390,高松市,高松市松島町3丁目,36,,57,,79,,3,,63,,238
391,高松市,高松市松島町,237,,133,,109,,64,,141,,684
392,高松市,高松市松縄町,76,,16,,32,,174,,33,,331
393,高松市,高松市松福町1丁目,162,,123,,140,,184,,132,,741
394,高松市,高松市松福町2丁目,12,,54,,14,,290,,94,,464
395,高松市,高松市松福町,99,,235,,28,,222,,184,,768
396,高松市,高松市松並町,256,,140,,241,,60,,39,,736
397,高松市,高松市上天神町高田,0,,102,,231,,226,,268,,827
398,高松市,高松市上天神町,104,,165,,228,,198,,97,,792
399,高松市,高松市上之町1丁目,34,,176,,14,,120,,70,,414
400,高松市,高松市上之町2丁目,228,,202,,292,,222,,2,,946
401,高松市,高松市上之町3丁目,34,,220,,160,,116,,158,,688
402,高松市,高松市上之町,38,,280,,170,,19,,6,,513
403,高松市,高松市上福岡町深田,205,,201,,194,,137,,252,,989
404,高松市,高松市上福岡町,46,,229,,195,,108,,95,,673
405,高松市,高松市上林町,261,,178,,109,,274,,136,,958
406,高松市,高松市城東町1丁目,120,,186,,232,,220,,210,,968
407,高松市,高松市城東町2丁目,219,,47,,226,,288,,230,,1010
408,高松市,高松市城東町,210,,204,,237,,157,,264,,1072
409,高松市,高松市常磐町1丁目,287,,193,,128,,112,,15,,735
410,高松市,高松市常磐町2丁目,87,,124,,144,,260,,192,,807
411,高松市,高松市常磐町,287,,212,,291,,105,,98,,993
412,高松市,高松市植松町,235,,240,,18,,10,,108,,611
413,高松市,高松市新田町乙,203,,137,,20,,171,,220,,751
414,高松市,高松市新田町甲,170,,133,,262,,251,,7,,823
415,高松市,高松市新田町,228,,211,,71,,149,,272,,931
416,高松市,高松市新北町,115,,263,,99,,272,,255,,1004
417,高松市,高松市神在川窪町,152,,224,,100,,17,,210,,703
418,高松市,高松市瀬戸内町,37,,96,,200,,233,,32,,598
419,高松市,高松市成合町,268,,44,,233,,235,,122,,902
420,高松市,高松市生島町,101,,269,,105,,203,,198,,876
421,高松市,高松市西の丸町,118,,65,,112,,7,,104,,406
422,高松市,高松市西ハゼ町清水,172,,210,,79,,259,,277,,997
423,高松市,高松市西ハゼ町,125,,89,,8,,10,,174,,406
424,高松市,高松市西山崎町,214,,138,,205,,147,,240,,944
425,高松市,高松市西春日町,118,,106,,184,,154,,291,,853
426,高松市,高松市西植田町,233,,16,,58,,121,,277,,705
427,高松市,高松市西町,132,,248,,54,,111,,235,,780
428,高松市,高松市西内町,46,,234,,268,,192,,252,,992
429,高松市,高松市西宝町1丁目,52,,24,,245,,103,,206,,630
430,高松市,高松市西宝町2丁目,9,,257,,257,,206,,187,,916
431,高松市,高松市西宝町3丁目,26,,22,,66,,160,,206,,480
432,高松市,高松市西宝町,115,,69,,273,,277,,105,,839
433,高松市,高松市川島東町,98,,144,,290,,17,,132,,681
434,高松市,高松市川島本町,162,,272,,270,,257,,253,,1214
435,高松市,高松市川部町,67,,265,,74,,17,,89,,512
436,高松市,高松市扇町1丁目,131,,190,,228,,97,,201,,847
437,高松市,高松市扇町2丁目,59,,206,,231,,57,,267,,820
438,高松市,高松市扇町3丁目,9,,261,,75,,216,,299,,860
439,高松市,高松市扇町,40,,176,,284,,64,,110,,674
440,高松市,高松市前田西町,264,,57,,285,,273,,170,,1049
441,高松市,高松市前田東町,15,,176,,137,,178,,233,,739
442,高松市,高松市多賀町1丁目,201,,96,,177,,135,,263,,872
443,高松市,高松市多賀町2丁目,90,,30,,208,,265,,4,,597
444,高松市,高松市多賀町3丁目,288,,8,,170,,266,,74,,806
445,高松市,高松市多賀町,24,,69,,292,,256,,89,,730
446,高松市,高松市多肥下町,249,,238,,264,,224,,146,,1121
447,高松市,高松市多肥上町,266,,93,,235,,104,,251,,949
448,高松市,高松市太田下町,181,,238,,125,,298,,70,,912
449,高松市,高松市太田上町,205,,198,,151,,134,,87,,775
450,高松市,高松市大工町,2,,101,,231,,227,,198,,759
451,高松市,高松市鍛冶屋町,93,,214,,191,,198,,108,,804
452,高松市,高松市檀紙町,71,,196,,203,,46,,273,,789
453,高松市,高松市築地町,239,,137,,164,,0,,2,,542
454,高松市,高松市中央町,258,,42,,249,,152,,254,,955
455,高松市,高松市中間町,165,,244,,197,,55,,17,,678
456,高松市,高松市中山町,187,,121,,26,,130,,253,,717
457,高松市,高松市中新町,1,,137,,54,,289,,113,,594
458,高松市,高松市中野町,75,,176,,299,,57,,231,,838
459,高松市,高松市朝日新町,121,,257,,183,,5,,88,,654
460,高松市,高松市朝日町1丁目,88,,287,,67,,266,,195,,903
461,高松市,高松市朝日町2丁目,70,,280,,157,,276,,70,,853
462,高松市,高松市朝日町3丁目,151,,277,,39,,259,,206,,932
463,高松市,高松市朝日町4丁目,12,,98,,11,,83,,299,,503
464,高松市,高松市朝日町5丁目,237,,232,,47,,248,,217,,981
465,高松市,高松市朝日町6丁目,137,,3,,143,,43,,38,,364
466,高松市,高松市朝日町,271,,131,,104,,156,,183,,845
467,高松市,高松市勅使町,158,,10,,59,,157,,227,,611
468,高松市,高松市通町,123,,59,,213,,132,,36,,563
469,高松市,高松市鶴屋町,281,,103,,10,,66,,183,,643
470,高松市,高松市鶴市町,109,,183,,156,,176,,56,,680
471,高松市,高松市天神前,289,,236,,142,,113,,42,,822
472,高松市,高松市田村町,90,,177,,187,,80,,276,,810
473,高松市,高松市田町,279,,208,,104,,14,,259,,864
474,高松市,高松市東ハゼ町,95,,52,,164,,3,,262,,576
475,高松市,高松市東山崎町,295,,86,,14,,238,,272,,905
476,高松市,高松市東田町,155,,174,,17,,149,,113,,608
477,高松市,高松市東浜町1丁目,156,,225,,227,,119,,206,,933
478,高松市,高松市東浜町,281,,166,,279,,26,,186,,938
479,高松市,高松市藤塚町1丁目,72,,167,,239,,186,,180,,844
480,高松市,高松市藤塚町2丁目,276,,114,,106,,80,,227,,803
481,高松市,高松市藤塚町3丁目,193,,137,,209,,239,,151,,929
482,高松市,高松市藤塚町,107,,90,,215,,33,,228,,673
483,高松市,高松市内町,91,,263,,41,,271,,248,,914
484,高松市,高松市南新町,47,,97,,119,,144,,299,,706
485,高松市,高松市楠上町1丁目,263,,4,,77,,183,,60,,587
486,高松市,高松市楠上町2丁目,286,,158,,76,,183,,116,,819
487,高松市,高松市楠上町,36,,125,,145,,212,,289,,807
488,高松市,高松市八坂町,119,,98,,208,,205,,48,,678
489,高松市,高松市飯田町,201,,24,,186,,111,,276,,798
490,高松市,高松市番町1丁目,149,,105,,253,,260,,133,,900
491,高松市,高松市番町2丁目,264,,217,,144,,129,,229,,983
492,高松市,高松市番町3丁目,23,,275,,4,,202,,81,,585
493,高松市,高松市番町4丁目,64,,259,,95,,166,,272,,856
494,高松市,高松市番町5丁目,239,,136,,50,,213,,236,,874
495,高松市,高松市番町,163,,158,,22,,83,,204,,630
496,高松市,高松市百間町,265,,247,,195,,106,,71,,884
497,高松市,高松市浜ノ町,258,,139,,170,,176,,223,,966
498,高松市,高松市伏石町,150,,246,,124,,144,,128,,792
499,高松市,高松市福岡町1丁目,268,,281,,211,,284,,20,,1064
500,高松市,高松市福岡町2丁目,275,,292,,41,,95,,158,,861
501,高松市,高松市福岡町3丁目,124,,85,,111,,129,,295,,744
502,高松市,高松市福岡町4丁目,229,,147,,285,,20,,230,,911
503,高松市,高松市福岡町,37,,126,,174,,218,,217,,772
504,高松市,高松市福田町,91,,232,,20,,78,,194,,615
505,高松市,高松市仏生山町乙,82,,109,,70,,250,,75,,586
506,高松市,高松市仏生山町甲,293,,11,,244,,209,,244,,1001
507,高松市,高松市仏生山町,139,,25,,46,,243,,108,,561
508,高松市,高松市兵庫町,187,,95,,177,,39,,242,,740
509,高松市,高松市片原町,108,,62,,193,,75,,125,,563
510,高松市,高松市峰山町,7,,0,,200,,279,,71,,557
511,高松市,高松市北浜町,71,,90,,82,,21,,205,,469
512,高松市,高松市本町,6,,290,,84,,104,,223,,707
513,高松市,高松市磨屋町,131,,25,,105,,176,,94,,531
514,高松市,高松市末広町,104,,56,,115,,280,,202,,757
515,高松市,高松市牟礼町原,29,,42,,152,,173,,204,,600
516,高松市,高松市牟礼町大町,141,,86,,130,,2,,145,,504
517,高松市,高松市牟礼町牟礼,58,,213,,201,,6,,235,,713
518,高松市,高松市木太町七区,189,,50,,60,,217,,254,,770
519,高松市,高松市木太町九区,274,,35,,115,,219,,207,,850
520,高松市,高松市木太町六区,77,,23,,38,,101,,175,,414
521,高松市,高松市木太町,256,,12,,205,,214,,157,,844
522,高松市,高松市由良町,56,,214,,102,,105,,286,,763
523,高松市,高松市旅篭町,240,,46,,295,,120,,160,,861
524,高松市,高松市林町三ツ股,252,,115,,41,,264,,162,,834
525,高松市,高松市林町,189,,44,,58,,169,,102,,562
526,高松市,高松市六条町,262,,45,,257,,202,,62,,828
527,坂出市,坂出市旭町1丁目,172,,80,,140,,70,,211,,673
528,坂出市,坂出市旭町2丁目,18,,29,,129,,63,,67,,306
529,坂出市,坂出市旭町3丁目,219,,49,,265,,18,,290,,841
530,坂出市,坂出市旭町,258,,255,,263,,75,,192,,1043
531,坂出市,坂出市横津町1丁目,143,,54,,193,,48,,56,,494
532,坂出市,坂出市横津町2丁目,39,,213,,277,,296,,157,,982
533,坂出市,坂出市横津町3丁目,237,,294,,209,,0,,123,,863
534,坂出市,坂出市横津町,251,,45,,186,,131,,300,,913
535,坂出市,坂出市王越町乃生,247,,256,,167,,80,,32,,782
536,坂出市,坂出市王越町木沢,261,,58,,61,,42,,280,,702
537,坂出市,坂出市沖の浜,260,,182,,24,,275,,94,,835
538,坂出市,坂出市加茂町甲,271,,11,,36,,160,,47,,525
539,坂出市,坂出市加茂町,147,,299,,142,,89,,174,,851
540,坂出市,坂出市花町,156,,266,,74,,11,,144,,651
541,坂出市,坂出市笠指町,67,,60,,9,,58,,114,,308
542,坂出市,坂出市久米町1丁目,300,,227,,97,,23,,131,,778
543,坂出市,坂出市久米町2丁目,238,,248,,106,,172,,207,,971
544,坂出市,坂出市久米町,260,,119,,76,,18,,62,,535
545,坂出市,坂出市宮下町,5,,67,,73,,79,,40,,264
546,坂出市,坂出市京町1丁目,210,,125,,265,,22,,47,,669
547,坂出市,坂出市京町2丁目,140,,158,,17,,148,,200,,663
548,坂出市,坂出市京町3丁目,103,,101,,210,,2,,113,,529
549,坂出市,坂出市京町,12,,183,,273,,177,,267,,912
550,坂出市,坂出市駒止町1丁目,48,,110,,65,,275,,9,,507
551,坂出市,坂出市駒止町2丁目,226,,159,,5,,174,,101,,665
552,坂出市,坂出市駒止町,225,,167,,273,,51,,235,,951
553,坂出市,坂出市元町1丁目,98,,215,,234,,289,,184,,1020
554,坂出市,坂出市元町2丁目,73,,205,,75,,80,,69,,502
555,坂出市,坂出市元町3丁目,219,,56,,58,,232,,55,,620
556,坂出市,坂出市元町4丁目,113,,52,,197,,161,,228,,751
557,坂出市,坂出市元町,91,,104,,68,,94,,283,,640
558,坂出市,坂出市御供所町1丁目,32,,211,,223,,24,,191,,681
559,坂出市,坂出市御供所町2丁目,6,,116,,110,,246,,38,,516
560,坂出市,坂出市御供所町3丁目,174,,143,,23,,17,,291,,648
561,坂出市,坂出市御供所町,172,,158,,269,,72,,37,,708
562,坂出市,坂出市江尻町本村,44,,5,,157,,23,,49,,278
563,坂出市,坂出市江尻町,297,,130,,210,,171,,5,,813
564,坂出市,坂出市高屋町,93,,14,,147,,58,,205,,517
565,坂出市,坂出市沙弥島,51,,135,,136,,156,,29,,507
566,坂出市,坂出市坂出町,224,,169,,146,,240,,57,,836
567,坂出市,坂出市室町1丁目,113,,230,,162,,142,,195,,842
568,坂出市,坂出市室町2丁目,237,,53,,254,,71,,295,,910
569,坂出市,坂出市室町3丁目,102,,229,,196,,58,,90,,675
570,坂出市,坂出市室町,41,,255,,16,,113,,229,,654
571,坂出市,坂出市寿町1丁目,26,,76,,68,,269,,214,,653
572,坂出市,坂出市寿町2丁目,30,,199,,75,,29,,62,,395
573,坂出市,坂出市寿町3丁目,121,,101,,183,,62,,274,,741
574,坂出市,坂出市寿町,195,,120,,197,,207,,198,,917
575,坂出市,坂出市小山町,140,,88,,119,,192,,190,,729
576,坂出市,坂出市昭和町1丁目,188,,193,,86,,78,,61,,606
577,坂出市,坂出市昭和町2丁目,108,,244,,232,,29,,165,,778
578,坂出市,坂出市昭和町,212,,192,,281,,116,,126,,927
579,坂出市,坂出市常盤町1丁目,4,,133,,279,,198,,257,,871
580,坂出市,坂出市常盤町2丁目,32,,275,,13,,184,,275,,779
581,坂出市,坂出市常盤町,54,,140,,152,,30,,92,,468
582,坂出市,坂出市新浜町,73,,118,,155,,209,,30,,585
583,坂出市,坂出市神谷町,291,,42,,75,,34,,92,,534
584,坂出市,坂出市瀬居町,152,,187,,81,,225,,137,,782
585,坂出市,坂出市西庄町,180,,118,,180,,228,,54,,760
586,坂出市,坂出市西大浜南1丁目,205,,6,,198,,149,,272,,830
587,坂出市,坂出市西大浜南2丁目,139,,252,,49,,211,,88,,739
588,坂出市,坂出市西大浜南3丁目,39,,232,,167,,30,,85,,553
589,坂出市,坂出市西大浜南,125,,177,,98,,96,,171,,667
590,坂出市,坂出市西大浜北1丁目,17,,18,,184,,110,,250,,579
591,坂出市,坂出市西大浜北2丁目,139,,14,,205,,251,,16,,625
592,坂出市,坂出市西大浜北3丁目,25,,68,,110,,285,,210,,698
593,坂出市,坂出市西大浜北4丁目,272,,63,,246,,82,,168,,831
594,坂出市,坂出市西大浜北,257,,271,,46,,239,,12,,825
595,坂出市,坂出市青海町,175,,263,,213,,59,,138,,848
596,坂出市,坂出市青葉町,231,,108,,123,,0,,275,,737
597,坂出市,坂出市川崎町,297,,104,,207,,258,,28,,894
598,坂出市,坂出市川津町,234,,175,,232,,179,,38,,858
599,坂出市,坂出市大屋冨町,87,,24,,159,,72,,80,,422
600,坂出市,坂出市大池町,14,,122,,51,,207,,250,,644
601,坂出市,坂出市谷町1丁目,68,,138,,230,,238,,3,,677
602,坂出市,坂出市谷町2丁目,285,,123,,244,,25,,80,,757
603,坂出市,坂出市谷町3丁目,237,,41,,32,,122,,80,,512
604,坂出市,坂出市谷町,211,,281,,105,,216,,257,,1070
605,坂出市,坂出市池園町,164,,37,,228,,49,,42,,520
606,坂出市,坂出市築港町1丁目,14,,113,,53,,28,,288,,496
607,坂出市,坂出市築港町2丁目,255,,136,,100,,62,,145,,698
608,坂出市,坂出市築港町,272,,188,,192,,260,,136,,1048
609,坂出市,坂出市中央町,232,,252,,151,,87,,95,,817
610,坂出市,坂出市入船町1丁目,157,,237,,142,,65,,89,,690
611,坂出市,坂出市入船町2丁目,225,,238,,22,,287,,97,,869
612,坂出市,坂出市入船町,262,,184,,135,,5,,173,,759
613,坂出市,坂出市白金町1丁目,258,,121,,29,,93,,49,,550
614,坂出市,坂出市白金町2丁目,62,,198,,295,,47,,197,,799
615,坂出市,坂出市白金町3丁目,24,,253,,238,,97,,49,,661
616,坂出市,坂出市白金町,83,,74,,79,,236,,222,,694
617,坂出市,坂出市八幡町1丁目,165,,260,,287,,107,,21,,840
618,坂出市,坂出市八幡町2丁目,211,,180,,123,,295,,86,,895
619,坂出市,坂出市八幡町3丁目,267,,10,,61,,48,,135,,521
620,坂出市,坂出市八幡町4丁目,179,,35,,229,,288,,107,,838
621,坂出市,坂出市八幡町,247,,15,,77,,170,,154,,663
622,坂出市,坂出市番の州公園,139,,286,,93,,161,,159,,838
623,坂出市,坂出市番の州町,49,,22,,5,,186,,231,,493
624,坂出市,坂出市番の州緑町,148,,135,,50,,295,,251,,879
625,坂出市,坂出市富士見町1丁目,68,,166,,232,,154,,76,,696
626,坂出市,坂出市富士見町2丁目,208,,257,,242,,286,,78,,1071
627,坂出市,坂出市富士見町,13,,291,,95,,6,,228,,633
628,坂出市,坂出市府中町,35,,269,,57,,181,,28,,570
629,坂出市,坂出市福江町1丁目,182,,79,,111,,103,,169,,644
630,坂出市,坂出市福江町2丁目,49,,238,,181,,126,,246,,840
631,坂出市,坂出市福江町3丁目,178,,30,,202,,35,,284,,729
632,坂出市,坂出市福江町,143,,222,,132,,127,,118,,742
633,坂出市,坂出市文京町1丁目,70,,258,,228,,187,,220,,963
634,坂出市,坂出市文京町2丁目,167,,277,,89,,288,,217,,1038
635,坂出市,坂出市文京町,33,,155,,56,,271,,221,,736
636,坂出市,坂出市本町1丁目,46,,98,,138,,289,,242,,813
637,坂出市,坂出市本町2丁目,179,,31,,59,,243,,172,,684
638,坂出市,坂出市本町3丁目,49,,40,,178,,268,,165,,700
639,坂出市,坂出市本町,58,,179,,76,,208,,287,,808
640,坂出市,坂出市林田町,56,,96,,101,,44,,57,,354
641,三豊市,三豊市高瀬町羽方,151,,118,,292,,107,,181,,849
642,三豊市,三豊市高瀬町下勝間,213,,109,,155,,48,,211,,736
643,三豊市,三豊市高瀬町比地,252,,101,,159,,26,,36,,574
644,三豊市,三豊市三野町吉津,116,,277,,139,,278,,108,,918
645,三豊市,三豊市三野町大見,12,,263,,113,,212,,239,,839
646,三豊市,三豊市山本町大野,133,,54,,136,,114,,31,,468
647,三豊市,三豊市仁尾町家の浦,228,,205,,30,,53,,223,,739
648,三豊市,三豊市仁尾町仁尾丁,57,,276,,33,,221,,269,,856
649,三豊市,三豊市仁尾町仁尾丙,101,,80,,267,,233,,168,,849
650,三豊市,三豊市仁尾町仁尾乙,13,,2,,233,,241,,191,,680
651,三豊市,三豊市仁尾町仁尾己,27,,236,,136,,206,,158,,763
652,三豊市,三豊市仁尾町仁尾庚,3,,207,,116,,57,,55,,438
653,三豊市,三豊市仁尾町仁尾戊,181,,219,,270,,30,,213,,913
654,三豊市,三豊市仁尾町仁尾甲,148,,190,,251,,262,,183,,1034
655,三豊市,三豊市仁尾町仁尾辛,102,,159,,271,,217,,55,,804
656,三豊市,三豊市仁尾町仁尾,15,,247,,185,,72,,140,,659
657,三豊市,三豊市豊中町岡本,73,,60,,64,,158,,208,,563
658,三豊市,三豊市豊中町下高野,226,,274,,77,,54,,250,,881
659,三豊市,三豊市豊中町笠田笠岡中津,60,,129,,247,,159,,21,,616
660,三豊市,三豊市豊中町笠田笠岡,233,,40,,105,,117,,291,,786
661,三豊市,三豊市豊中町笠田竹田,65,,90,,291,,38,,95,,579
662,三豊市,三豊市豊中町上高野,41,,170,,272,,1,,138,,622
663,三豊市,三豊市豊中町比地大,120,,265,,235,,233,,135,,988
664,三豊市,三豊市豊中町本山乙,192,,64,,297,,120,,229,,902
665,三豊市,三豊市豊中町本山甲,227,,35,,66,,53,,129,,510
666,三豊市,三豊市詫間町香田,37,,21,,115,,126,,141,,440
667,三豊市,三豊市詫間町松崎,88,,195,,38,,38,,147,,506
668,三豊市,三豊市詫間町大浜,25,,149,,158,,279,,202,,813
669,三豊市,三豊市詫間町詫間松下,295,,68,,254,,286,,282,,1185
670,三豊市,三豊市詫間町詫間,227,,149,,159,,90,,175,,800
671,小豆郡小豆島町,小豆郡小豆島町安田,95,,232,,74,,75,,169,,645
672,小豆郡小豆島町,小豆郡小豆島町古江,169,,26,,294,,83,,88,,660
673,小豆郡小豆島町,小豆郡小豆島町坂手,173,,276,,216,,215,,151,,1031
674,小豆郡小豆島町,小豆郡小豆島町室生,299,,294,,83,,14,,95,,785
675,小豆郡小豆島町,小豆郡小豆島町神懸通,206,,94,,268,,235,,140,,943
676,小豆郡小豆島町,小豆郡小豆島町西村,45,,67,,273,,76,,91,,552
677,小豆郡小豆島町,小豆郡小豆島町草壁本町,276,,251,,91,,158,,279,,1055
678,小豆郡小豆島町,小豆郡小豆島町二面,34,,83,,71,,25,,73,,286
679,小豆郡小豆島町,小豆郡小豆島町苗羽,7,,272,,164,,222,,149,,814
680,小豆郡小豆島町,小豆郡小豆島町片城,85,,88,,240,,201,,69,,683
681,小豆郡小豆島町,小豆郡小豆島町木庄,166,,62,,10,,72,,48,,358
682,小豆郡土庄町,小豆郡土庄町甲,179,,119,,115,,139,,197,,749
683,小豆郡土庄町,小豆郡土庄町上庄,213,,185,,208,,113,,52,,771
684,小豆郡土庄町,小豆郡土庄町淵崎甲,84,,242,,72,,177,,80,,655
685,小豆郡土庄町,小豆郡土庄町淵崎,264,,130,,228,,259,,61,,942
686,善通寺市,善通寺市稲木町,81,,273,,202,,273,,154,,983
687,善通寺市,善通寺市下吉田町,206,,166,,77,,242,,145,,836
688,善通寺市,善通寺市吉原町,200,,161,,158,,283,,28,,830
689,善通寺市,善通寺市金蔵寺町川添,98,,13,,178,,94,,1,,384
690,善通寺市,善通寺市金蔵寺町,278,,290,,224,,249,,29,,1070
691,善通寺市,善通寺市櫛梨町,179,,147,,91,,162,,86,,665
692,善通寺市,善通寺市原田町中五条,202,,126,,222,,89,,90,,729
693,善通寺市,善通寺市原田町土居,284,,267,,84,,257,,175,,1067
694,善通寺市,善通寺市原田町,78,,122,,169,,159,,201,,729
695,善通寺市,善通寺市弘田町,222,,275,,38,,223,,99,,857
696,善通寺市,善通寺市上吉田町1丁目,295,,98,,126,,22,,228,,769
697,善通寺市,善通寺市上吉田町2丁目,204,,32,,294,,175,,53,,758
698,善通寺市,善通寺市上吉田町3丁目,291,,154,,151,,288,,81,,965
699,善通寺市,善通寺市上吉田町4丁目,84,,73,,178,,37,,274,,646
700,善通寺市,善通寺市上吉田町5丁目,139,,16,,197,,123,,75,,550
701,善通寺市,善通寺市上吉田町6丁目,10,,144,,296,,279,,85,,814
702,善通寺市,善通寺市上吉田町7丁目,146,,94,,141,,219,,57,,657
703,善通寺市,善通寺市上吉田町8丁目,217,,70,,147,,100,,271,,805
704,善通寺市,善通寺市上吉田町,199,,78,,227,,35,,193,,732
705,善通寺市,善通寺市生野町,266,,235,,175,,174,,230,,1080
706,善通寺市,善通寺市生野本町1丁目,104,,48,,159,,60,,160,,531
707,善通寺市,善通寺市生野本町2丁目,61,,92,,23,,66,,57,,299
708,善通寺市,善通寺市生野本町,239,,12,,243,,26,,74,,594
709,善通寺市,善通寺市仙遊町1丁目,193,,61,,160,,11,,18,,443
710,善通寺市,善通寺市仙遊町2丁目,21,,157,,267,,161,,35,,641
711,善通寺市,善通寺市仙遊町,207,,62,,241,,147,,34,,691
712,善通寺市,善通寺市善通寺町1丁目,80,,30,,281,,109,,86,,586
713,善通寺市,善通寺市善通寺町2丁目,186,,22,,66,,259,,204,,737
714,善通寺市,善通寺市善通寺町3丁目,67,,182,,121,,141,,77,,588
715,善通寺市,善通寺市善通寺町4丁目,162,,70,,118,,53,,180,,583
716,善通寺市,善通寺市善通寺町5丁目,44,,53,,175,,276,,1,,549
717,善通寺市,善通寺市善通寺町6丁目,264,,16,,221,,229,,263,,993
718,善通寺市,善通寺市善通寺町7丁目,182,,119,,111,,196,,266,,874
719,善通寺市,善通寺市善通寺町,35,,135,,33,,241,,18,,462
720,善通寺市,善通寺市大麻町,149,,161,,12,,257,,190,,769
721,善通寺市,善通寺市中村町1丁目,67,,110,,84,,247,,96,,604
722,善通寺市,善通寺市中村町,168,,57,,297,,247,,90,,859
723,善通寺市,善通寺市南町1丁目,122,,107,,3,,82,,32,,346
724,善通寺市,善通寺市南町2丁目,82,,250,,31,,106,,80,,549
725,善通寺市,善通寺市南町3丁目,66,,257,,152,,163,,15,,653
726,善通寺市,善通寺市南町,296,,151,,239,,42,,283,,1011
727,善通寺市,善通寺市碑殿町,191,,297,,137,,109,,38,,772
728,善通寺市,善通寺市文京町1丁目,70,,173,,34,,40,,221,,538
729,善通寺市,善通寺市文京町2丁目,117,,120,,98,,272,,252,,859
730,善通寺市,善通寺市文京町3丁目,9,,182,,123,,88,,206,,608
731,善通寺市,善通寺市文京町4丁目,283,,225,,283,,28,,234,,1053
732,善通寺市,善通寺市文京町,126,,230,,154,,232,,219,,961
733,善通寺市,善通寺市木徳町,207,,231,,191,,93,,91,,813
734,善通寺市,善通寺市与北町,94,,106,,296,,192,,231,,919
735,仲多度郡まんのう町,仲多度郡まんのう町岸上,300,,46,,179,,140,,60,,725
736,仲多度郡まんのう町,仲多度郡まんのう町吉野市神,265,,0,,224,,85,,220,,794
737,仲多度郡まんのう町,仲多度郡まんのう町吉野,161,,13,,78,,16,,242,,510
738,仲多度郡まんのう町,仲多度郡まんのう町吉野下,66,,118,,68,,281,,194,,727
739,仲多度郡まんのう町,仲多度郡まんのう町五條,111,,105,,93,,222,,135,,666
740,仲多度郡まんのう町,仲多度郡まんのう町公文,201,,163,,175,,262,,259,,1060
741,仲多度郡まんのう町,仲多度郡まんのう町四條,99,,164,,40,,14,,39,,356
742,仲多度郡まんのう町,仲多度郡まんのう町真野,21,,281,,64,,210,,34,,610
743,仲多度郡まんのう町,仲多度郡まんのう町神野,20,,80,,153,,285,,111,,649
744,仲多度郡まんのう町,仲多度郡まんのう町西高篠,164,,89,,251,,201,,74,,779
745,仲多度郡まんのう町,仲多度郡まんのう町炭所西,138,,202,,100,,164,,156,,760
746,仲多度郡まんのう町,仲多度郡まんのう町東高篠,264,,153,,287,,41,,169,,914
747,仲多度郡まんのう町,仲多度郡まんのう町買田,121,,141,,11,,105,,171,,549
748,仲多度郡琴平町,仲多度郡琴平町榎井,189,,219,,40,,125,,148,,721
749,仲多度郡琴平町,仲多度郡琴平町下櫛梨,68,,14,,39,,5,,117,,243
750,仲多度郡琴平町,仲多度郡琴平町五條,3,,12,,112,,12,,151,,290
751,仲多度郡琴平町,仲多度郡琴平町上櫛梨,239,,0,,166,,99,,205,,709
752,仲多度郡琴平町,仲多度郡琴平町苗田,239,,292,,167,,299,,188,,1185
753,仲多度郡多度津町,仲多度郡多度津町栄町1丁目,12,,78,,219,,196,,117,,622
754,仲多度郡多度津町,仲多度郡多度津町栄町2丁目,110,,208,,115,,237,,120,,790
755,仲多度郡多度津町,仲多度郡多度津町栄町3丁目,182,,295,,289,,199,,113,,1078
756,仲多度郡多度津町,仲多度郡多度津町栄町,240,,92,,273,,158,,30,,793
757,仲多度郡多度津町,仲多度郡多度津町奥白方,124,,221,,172,,220,,39,,776
758,仲多度郡多度津町,仲多度郡多度津町家中,144,,174,,247,,218,,116,,899
759,仲多度郡多度津町,仲多度郡多度津町葛原,129,,107,,81,,10,,263,,590
760,仲多度郡多度津町,仲多度郡多度津町京町,14,,68,,276,,148,,192,,698
761,仲多度郡多度津町,仲多度郡多度津町見立,17,,146,,155,,211,,2,,531
762,仲多度郡多度津町,仲多度郡多度津町元町,185,,116,,81,,253,,212,,847
763,仲多度郡多度津町,仲多度郡多度津町幸町,170,,274,,49,,167,,276,,936
764,仲多度郡多度津町,仲多度郡多度津町桜川1丁目,84,,294,,280,,23,,45,,726
765,仲多度郡多度津町,仲多度郡多度津町桜川2丁目,125,,18,,59,,259,,284,,745
766,仲多度郡多度津町,仲多度郡多度津町桜川,37,,127,,52,,185,,154,,555
767,仲多度郡多度津町,仲多度郡多度津町三井,133,,176,,59,,84,,35,,487
768,仲多度郡多度津町,仲多度郡多度津町山階,252,,115,,135,,121,,162,,785
769,仲多度郡多度津町,仲多度郡多度津町若葉町,128,,148,,22,,149,,281,,728
770,仲多度郡多度津町,仲多度郡多度津町寿町,38,,118,,106,,86,,91,,439
771,仲多度郡多度津町,仲多度郡多度津町庄,4,,88,,114,,230,,199,,635
772,仲多度郡多度津町,仲多度郡多度津町西港町,220,,81,,150,,260,,275,,986
773,仲多度郡多度津町,仲多度郡多度津町西白方,95,,4,,161,,204,,123,,587
774,仲多度郡多度津町,仲多度郡多度津町西浜,62,,135,,168,,193,,93,,651
775,仲多度郡多度津町,仲多度郡多度津町青木,276,,153,,50,,152,,69,,700
776,仲多度郡多度津町,仲多度郡多度津町大通り,148,,140,,265,,34,,191,,778
777,仲多度郡多度津町,仲多度郡多度津町仲ノ町,114,,14,,122,,59,,79,,388
778,仲多度郡多度津町,仲多度郡多度津町東港町,285,,184,,243,,191,,46,,949
779,仲多度郡多度津町,仲多度郡多度津町東新町,72,,133,,203,,75,,206,,689
780,仲多度郡多度津町,仲多度郡多度津町東白方,208,,193,,94,,173,,192,,860
781,仲多度郡多度津町,仲多度郡多度津町東浜,158,,66,,274,,223,,129,,850
782,仲多度郡多度津町,仲多度郡多度津町道福寺,288,,260,,35,,196,,129,,908
783,仲多度郡多度津町,仲多度郡多度津町南鴨,117,,22,,291,,110,,272,,812
784,仲多度郡多度津町,仲多度郡多度津町日の出町,291,,275,,263,,155,,228,,1212
785,仲多度郡多度津町,仲多度郡多度津町北鴨1丁目,131,,85,,272,,25,,141,,654
786,仲多度郡多度津町,仲多度郡多度津町北鴨2丁目,179,,135,,161,,129,,42,,646
787,仲多度郡多度津町,仲多度郡多度津町北鴨3丁目,117,,6,,249,,280,,193,,845
788,仲多度郡多度津町,仲多度郡多度津町北鴨,215,,0,,117,,238,,298,,868
789,仲多度郡多度津町,仲多度郡多度津町堀江1丁目,207,,104,,212,,266,,150,,939
790,仲多度郡多度津町,仲多度郡多度津町堀江2丁目,205,,285,,224,,282,,213,,1209
791,仲多度郡多度津町,仲多度郡多度津町堀江3丁目,107,,38,,109,,202,,245,,701
792,仲多度郡多度津町,仲多度郡多度津町堀江4丁目,268,,104,,43,,151,,89,,655
793,仲多度郡多度津町,仲多度郡多度津町堀江5丁目,51,,73,,140,,247,,58,,569
794,仲多度郡多度津町,仲多度郡多度津町堀江,103,,240,,280,,111,,192,,926
795,仲多度郡多度津町,仲多度郡多度津町本通1丁目,175,,174,,20,,213,,22,,604
796,仲多度郡多度津町,仲多度郡多度津町本通2丁目,264,,89,,241,,148,,35,,777
797,仲多度郡多度津町,仲多度郡多度津町本通3丁目,119,,222,,100,,225,,71,,737
798,仲多度郡多度津町,仲多度郡多度津町本通,181,,230,,115,,220,,61,,807
799,東かがわ市,東かがわ市伊座,292,,200,,238,,243,,232,,1205
800,東かがわ市,東かがわ市引田小海代,21,,218,,173,,209,,191,,812
801,東かがわ市,東かがわ市引田,30,,281,,11,,45,,265,,632
802,東かがわ市,東かがわ市横内,120,,206,,16,,8,,53,,403
803,東かがわ市,東かがわ市帰来,261,,127,,36,,3,,217,,644
804,東かがわ市,東かがわ市吉田,194,,47,,108,,251,,239,,839
805,東かがわ市,東かがわ市三殿,191,,163,,217,,119,,201,,891
806,東かがわ市,東かがわ市三本松,181,,179,,96,,56,,23,,535
807,東かがわ市,東かがわ市小磯,196,,38,,89,,159,,66,,548
808,東かがわ市,東かがわ市松原,290,,141,,36,,226,,67,,760
809,東かがわ市,東かがわ市松崎,71,,179,,0,,36,,136,,422
810,東かがわ市,東かがわ市水主,257,,279,,88,,95,,177,,896
811,東かがわ市,東かがわ市西村,140,,298,,218,,98,,264,,1018
812,東かがわ市,東かがわ市川東,52,,208,,230,,45,,144,,679
813,東かがわ市,東かがわ市大谷,46,,212,,68,,232,,43,,601
814,東かがわ市,東かがわ市大内,114,,300,,103,,205,,127,,849
815,東かがわ市,東かがわ市中筋,176,,133,,147,,40,,222,,718
816,東かがわ市,東かがわ市町田,278,,101,,185,,266,,175,,1005
817,東かがわ市,東かがわ市土居,32,,113,,284,,84,,131,,644
818,東かがわ市,東かがわ市南野,129,,142,,292,,46,,112,,721
819,東かがわ市,東かがわ市馬宿,254,,31,,17,,120,,299,,721
820,東かがわ市,東かがわ市白鳥,144,,279,,270,,138,,64,,895
821,東かがわ市,東かがわ市湊,44,,181,,78,,9,,261,,573
822,東かがわ市,東かがわ市落合,190,,253,,209,,148,,122,,922
823,木田郡三木町,木田郡三木町井戸,107,,269,,176,,130,,119,,801
824,木田郡三木町,木田郡三木町井上,61,,23,,235,,137,,292,,748
825,木田郡三木町,木田郡三木町下高岡,92,,201,,230,,134,,74,,731
826,木田郡三木町,木田郡三木町鹿庭,119,,59,,149,,285,,67,,679
827,木田郡三木町,木田郡三木町鹿伏,166,,227,,213,,17,,18,,641
828,木田郡三木町,木田郡三木町上高岡,30,,161,,62,,277,,223,,753
829,木田郡三木町,木田郡三木町池戸,291,,75,,34,,299,,115,,814
830,木田郡三木町,木田郡三木町朝倉,108,,212,,46,,34,,75,,475
831,木田郡三木町,木田郡三木町田中,70,,20,,249,,5,,15,,359
832,木田郡三木町,木田郡三木町氷上,0,,57,,21,,224,,165,,467
833,木田郡三木町,木田郡三木町平木,250,,220,,43,,297,,155,,965